Timestep;EOM_price;CM_price;TotalCapOffer;TotalCapDemanded;TotalLocalCapSupply;Gen_C_MidMerit;new_capacity_Gen_C_MidMerit;Capacity_Gen_C_MidMerit;Gen_C_Baseload;new_capacity_Gen_C_Baseload;Capacity_Gen_C_Baseload;Gen_C_Peak;new_capacity_Gen_C_Peak;Capacity_Gen_C_Peak;Gen_C_WindOnshore;new_capacity_Gen_C_WindOnshore;Capacity_Gen_C_WindOnshore;Gen_C_PV;new_capacity_Gen_C_PV;Capacity_Gen_C_PV;Cons_C;Inelastic_Cons_C;Elastic_Cons_C;ENS_Cons_C;CapDemand_Cons_C;NetworkManager;CapacityManager;;;;;
1;87.0627077;49328.49341;14105.3608;14105.35;14105.3608;1001.937475;1435.460905;1435.460905;6860.539457;6860.539457;6860.539457;0;5809.360439;5809.360439;748.4615387;0;8300;0;0;18662;-8774.525166;-8430.884308;-343.6408578;0;14105.35;163.5855938;0;;;;;
2;74.4652721;49328.49341;14105.3608;14105.35;14105.3608;608.2979226;1435.460905;1435.460905;6808.439311;6860.539457;6860.539457;0;5809.360439;5809.360439;916.5384643;0;8300;0;0;18662;-8485.338199;-8151.995076;-333.343123;0;14105.35;152.0623841;0;;;;;
3;72.09194976;49328.49341;14105.3608;14105.35;14105.3608;534.1288884;1435.460905;1435.460905;6511.663127;6860.539457;6860.539457;0;5809.360439;5809.360439;1173.84615;0;8300;0;0;18662;-8294.492947;-7968.457846;-326.035101;0;14105.35;74.85478994;0;;;;;
4;70.49781366;49328.49341;14105.3608;14105.35;14105.3608;484.2870734;1435.460905;1435.460905;6311.73648;6860.539457;6860.539457;0;5809.360439;5809.360439;1503.846157;0;8300;0;0;18662;-8194.578545;-7872.34523;-322.2333144;0;14105.35;-105.2917675;0;;;;;
5;70.19019992;49328.49341;14105.3608;14105.35;14105.3608;474.666065;1435.460905;1435.460905;6273.088239;6860.539457;6860.539457;0;5809.360439;5809.360439;1802.500003;0;8300;0;0;18662;-8362.906711;-8034.029538;-328.8771729;0;14105.35;-187.3484718;0;;;;;
6;72.12724258;49328.49341;14105.3608;14105.35;14105.3608;535.1995926;1435.460905;1435.460905;6515.25735;6860.539457;6860.539457;0;5809.360439;5809.360439;2037.307691;0;8300;0;0;18662;-8880.893685;-8531.811692;-349.0819933;0;14105.35;-206.8718688;0;;;;;
7;86.99812009;49328.49341;14105.3608;14105.35;14105.3608;999.9191094;1435.460905;1435.460905;6860.539457;6860.539457;6860.539457;0;5809.360439;5809.360439;2269.615387;0;8300;0;0;18662;-9790.592269;-9407.152616;-383.4396531;0;14105.35;-339.4827834;0;;;;;
8;117.8694256;49328.49341;14105.3608;14105.35;14105.3608;1435.460905;1435.460905;1435.460905;6860.539457;6860.539457;6860.539457;348.3634456;5809.360439;5809.360439;2469.42308;0;8300;0;0;18662;-11276.48126;-10838.19692;-438.2843335;0;14105.35;162.6937284;0;;;;;
9;139.040568;49328.49341;14105.3608;14105.35;14105.3608;1435.460905;1435.460905;1435.460905;6860.539457;6860.539457;6860.539457;613.0027275;5809.360439;5809.360439;2599.807689;0;8300;76.9218154;0;18662;-12061.93644;-11595.58154;-466.3548992;0;14105.35;476.2032068;0;;;;;
10;104.1336885;49328.49341;14105.3608;14105.35;14105.3608;1435.460905;1435.460905;1435.460905;6860.539457;6860.539457;6860.539457;176.6667343;5809.360439;5809.360439;2720.576922;0;8300;682.1041433;0;18662;-11984.03643;-11516.6677;-467.3687303;0;14105.35;108.687627;0;;;;;
11;80.17781817;49328.49341;14105.3608;14105.35;14105.3608;786.7846934;1435.460905;1435.460905;6860.539457;6860.539457;6860.539457;0;5809.360439;5809.360439;2856.153844;0;8300;1591.704524;0;18662;-11542.41313;-11089.608;-452.8051292;0;14105.35;-552.7704837;0;;;;;
12;434.0850248;49328.49341;14105.3608;14105.35;14105.3608;1435.460905;1435.460905;1435.460905;6860.539457;6860.539457;6860.539457;4301.362389;5809.360439;5809.360439;830.083;0;8300;1882.468972;0;18662;-13939.23802;-13440.0096;-499.2284241;2.55E-11;14105.35;-1370.663126;0;;;;;
13;70.17274643;49328.49341;14105.3608;14105.35;14105.3608;474.0738199;1435.460905;1435.460905;6269.818438;6860.539457;6860.539457;0;5809.360439;5809.360439;3217.692308;0;8300;2082.273357;0;18662;-11353.65418;-10907.16184;-446.4923364;0;14105.35;-690.2064556;0;;;;;
14;70.29420435;49328.49341;14105.3608;14105.35;14105.3608;477.8819866;1435.460905;1435.460905;6285.335889;6860.539457;6860.539457;0;5809.360439;5809.360439;3400.192309;0;8300;1853.238681;0;18662;-11490.66899;-11038.80184;-451.8671432;0;14105.35;-525.9823019;0;;;;;
15;72.44024473;49328.49341;14105.3608;14105.35;14105.3608;544.9766763;1435.460905;1435.460905;6554.38241;6860.539457;6860.539457;0;5809.360439;5809.360439;3565.961536;0;8300;1297.863216;0;18662;-11730.42131;-11269.368;-461.0533084;0;14105.35;-232.7640915;0;;;;;
16;80.2280737;49328.49341;14105.3608;14105.35;14105.3608;788.3551851;1435.460905;1435.460905;6860.539457;6860.539457;6860.539457;0;5809.360439;5809.360439;3709.230766;0;8300;1020.944703;0;18662;-12035.21356;-11563.08184;-472.1317148;0;14105.35;-343.8576467;0;;;;;
17;102.4630136;49328.49341;14105.3608;14105.35;14105.3608;1435.460905;1435.460905;1435.460905;6860.539457;6860.539457;6860.539457;155.7833021;5809.360439;5809.360439;3789.038461;0;8300;523.6452133;0;18662;-12652.17099;-12158.54216;-493.6288353;0;14105.35;-112.2969838;0;;;;;
18;3999.995025;49328.49341;14105.3608;14105.35;14105.3608;1435.460905;1435.460905;1435.460905;6860.539457;6860.539457;6860.539457;5809.360439;5809.360439;5809.360439;830.083;0;8300;0;0;18662;-17197.034;-17197.03074;-0.003251792;82.9788555;14105.35;2261.59019;0;;;;;
19;3999.995021;49328.49341;14105.3608;14105.35;14105.3608;1435.460905;1435.460905;1435.460905;6860.539457;6860.539457;6860.539457;5809.360439;5809.360439;5809.360439;830.083;0;8300;0;0;18662;-13916.74984;-13916.74693;-0.002909057;3.262673384;14105.35;-1018.693971;0;;;;;
20;128.3761404;49328.49341;14105.3608;14105.35;14105.3608;1435.460905;1435.460905;1435.460905;6860.539457;6860.539457;6860.539457;479.6973875;5809.360439;5809.360439;3702.884619;0;8300;0;0;18662;-12530.10136;-12044.35938;-485.7419749;0;14105.35;51.51835162;0;;;;;
21;95.66624542;49328.49341;14105.3608;14105.35;14105.3608;1270.797949;1435.460905;1435.460905;6860.539457;6860.539457;6860.539457;70.82372146;5809.360439;5809.360439;3685.769231;0;8300;0;0;18662;-11934.75039;-11468.3317;-466.4186983;0;14105.35;46.81935268;0;;;;;
22;80.58647556;49328.49341;14105.3608;14105.35;14105.3608;799.5552416;1435.460905;1435.460905;6860.539457;6860.539457;6860.539457;0;5809.360439;5809.360439;3657.884617;0;8300;0;0;18662;-11347.20025;-10902.09784;-445.1024031;0;14105.35;29.21983509;0;;;;;
23;72.72964892;49328.49341;14105.3608;14105.35;14105.3608;554.0281332;1435.460905;1435.460905;6590.685636;6860.539457;6860.539457;0;5809.360439;5809.360439;3583.653849;0;8300;0;0;18662;-10661.63058;-10242.61476;-419.0158138;0;14105.35;-66.73807028;0;;;;;
24;69.37741039;49328.49341;14105.3608;14105.35;14105.3608;449.2680761;1435.460905;1435.460905;6171.57705;6860.539457;6860.539457;0;5809.360439;5809.360439;3423.846156;0;8300;0;0;18662;-9920.214765;-9530.017846;-390.196919;0;14105.35;-124.4775605;0;;;;;
